[
	{
		"name": "Ignored tests",
		"matchedStatuses": [
			"skipped"
		]
	},
	{
		"name": "Status 5XX",
		"messageRegex": ".*status 5XX.*",
		"matchedStatuses": [
			"failed"
		]
	},
    {
        "name": "Faulty test cases failures",
        "messageRegex": ".*faulty test case.*",
        "matchedStatuses": [
            "failed"
        ]
    },
	{
		"name": "Faulty test case failed (individual_parameter_constraint)",
		"messageRegex": ".*individual_parameter_constraint.*",
		"matchedStatuses": [
			"failed"
		]
	},
	{
		"name": "Faulty test case failed (invalid_request_body)",
		"messageRegex": ".*invalid_request_body.*",
		"matchedStatuses": [
			"failed"
		]
	},
	{
		"name": "Faulty test case failed (inter_parameter_dependency)",
		"messageRegex": ".*inter_parameter_dependency.*",
		"matchedStatuses": [
			"failed"
		]
	},
	{
		"name": "Valid test cases failures",
		"messageRegex": ".*input was correct.*",
		"matchedStatuses": [
			"failed"
		]
	},
	{
		"name": "Conformance errors",
		"messageRegex": ".*Conformance error.*",
		"matchedStatuses": [
			"failed"
		]
	},
	{
		"name": "Validation failures",
		"traceRegex": ".*\"key\" : \"validation.response.*",
		"matchedStatuses": [
			"failed"
		]
	},
	{
		"name": "Failures",
		"matchedStatuses": [
			"failed"
		]
	},
	{
		"name": "Broken tests",
		"matchedStatuses": [
			"broken"
		]
	}
]
