5, 8, 11, 15
72, 77
72, 76
8, 40
72, 75
72, 73
33, 34, 32, 28
72, 71
28, 20, 37
72, 70
23, 2, 4
41, 81, 82
26, 28, 21, 25
81, 87, 78
–
—
15, 17, 29
77, 71, 76
20, 25, 21, 37
32, 23, 21, 6
72, 79
20, 25, 86
72, 78
72, 66
14, 34, 6, 24, 51, 35
72, 64
#
72, 62
72, 61
8, 33
8, 35
12 (1921/22)
98, 95, 93
,
-
98, 95, 94
/
0
1
81, 87, 89
2
3
4
5
6
7
8
9
45, 30, 15
23, 32, 35
72, 69
48, 23, 44
?
72, 67
46, 28, 34
33, 6, 71, 12
72, 97
8 (1929)
72, 96
72, 95
72, 92
46, 28, 39
63, 53
83, 82, 86
40, 89, 36
60, 63, 62
83, 82, 88
98, 95, 96
81, 91
20, 16, 22
63, 55
12, 33, 10
28, 18, 8
3, 7, 2, 9, 1, 14
7, 2, 6
20, 18, 20, 3, 12, 5
63, 60
63, 62
63, 64
49, 94
64, 68, 71
77 ,79, 69, 75, 73
8, 50
32, 45, 84
17, 14,8
63, 65
x
63, 66
8, 59
63, 67
63, 68
85, 86 , 88
~
35, 29, 21
72, 32
63, 70
63, 71
12, 24, 30
63, 72
63, 73
8, 88
49, 83
49, 89
49, 88
49, 87
62, 66, 64, 73
23, 41, 24
17, 18, 7
42, 23, 25
54, 37
12, 19, 81
37, 33, 44
87, 48, 86, 88
63, 77
54, 38
63, 79
21, 28, 31
26, 25, 23
52, 57, 91
36, 83, 66, 86
1; 20; 41
99, 95, 94, 93
6, 24, 14, 23
BST-02
54, 23
37, 33, 34
54, 27
35, 29, 31
31, 21, 2, 1
41, 11, 50
72, 50
63, 96
16 (national team)
9 (national team)
17, 30, 29
15, 14, 6, 10
91, 56, 53
90, 97
90, 99
90, 98
90, 93
21, 28, 25
54, 18
90, 92
90, 95
90, 94
72, 58
90, 91
72, 57
43, 44, 47
78, 74, 67
5, 9
24, 39, 45
87 89
32, 9, 8, 7, 1
54, 00
5, 2
89, 82, 81
27, 28, 43
5, 3
5, 4
27, 28, 41
83, 82, 48
5, 6
5, 7
5, 8
75, 71, 70, 67
79, 99, 90
30, 55, 42
50, 94, 51
14, 18, 17, 11
49, 45
42, 32, 37
49, 43
84, 87, 88, 73
51, 58, 56, 55, 59
13, 11, 15, 10
58, 88
49, 48
95, 93, 91
88, 2
90, 75
24, 6
24, 7
80,86
95, 93, 96
22, 85, 82
75, 94, 98
reiterd
42, 32, 23
46, 81, 83, 85, 87
49, 35
17, 5, 22
58, 95
49, 34
58, 98
24, 41, 39, 38
58, 99
58, 97
20, 21, 4
58, 91
47, 43, 33, 22
72, 69, 61
coach
72, 69, 63
76, 79, 70
12, 6
49, 24
15, 44, 54
12, 5
12, 8
12, 7
26, 30, 28
12, 9
49, 27
29, 27, 21
97, 98, 58, 48
90, 57
2, 6, 12
90, 56
49, 19
52, 57, 58
90, 58
90, 53
90, 54
82, 5, 45
24, 2
7, 15, 17, 9
24, 4
31, 33, 55
40, 46 (1960)
36, 12
4, 40, 14
12, 30, 21, 22
22, 4, 25, 35
80, 87, 88, 85
58, 47
36, 20
36, 21
58, 57, 52, 56
00, 2
00, 0
36, 27
36, 28
17, 82, 11
8, 13, 7
36, 23
36, 24
42; 35; 13
14, 5, 3
27,48
40, 54, 44, 51
1, 3, 5, 9
4, 44, 84
85, 19, 81, 87
22, 20, 21
60, 90, 93
86, 80, 82
86, 80, 88
36, 30
12, 13, 5
58, 59
36, 31
92, 95, 60
58, 56
36, 32
36, 33
53, 5155
58, 57
51, 45, 53
36, 38
58, 50
58, 51
36, 39
17, 32, 33, 38, 45, 52
58, 54
58, 55
36, 35
76, 79, 67
58, 52
24, 48, 47
58, 53
77, 72, 75, 78
12, 1
12, 4
24, 26, 23
90, 22
12, 3
36, 42
36, 44
8, 20
45, 21, 23
8, 25
36, 40
36, 49
58, 60
57, 50, 51
36, 46
58, 66
58, 64
24, 26, 30
'TBA'
75, 94, 93
11, 12, 16
86, 9, 14, 18
position=Defensive end
97, 96, 95, 93
8, 10
36, 55
8, 12
8, 11
14, 21, 35, 18
23, 35, 38, 45
8, 13
Winnipeg-70
44, 11, 22, 21
58, 74
75, 70, 73, 83, 79
58, 51, 92, 55, 59
98, 95, 65
8, 16
4, 6, 3, 2
8, 18
8, 17
21a
47, 85, 69
27, 7
85, 82, 86, 41
5, 25, 12, 33, 61
97, 78, 98
20, 21, 35, 30, 11, 12, 23, 15
20, 34, 43,
98, 99, 96
86, 84, 88, 19
83, 86, 81
27, 26
67, 51
27, 25
27, 28
32, 5, 20, 22
−
27, 22
63, 83, 81
27, 21
67, 54
30, 33, 24, 18, 34, 44
27, 24
27, 23
67, 56
33, 40, 54, 52, 6
27, 20
28, 15, 11
27, 36, 38, 39, 40, 41, 51, 60
35, 15, 30, 20
52, 53, 96
24, 9 , 25
87, 81, 11, 88
57, 99, 47, 56, 94
74, 82, 78
20, 43, 25
27, 15
67, 61
30, 37, 40
27, 14
21, 33, 30
67, 64
27, 16
89, 86, 84, 56
67, 66
87, 83, 15
67, 65
67, 68
248
67, 69
45, 32, 41, 9, 30, 44, 34
43, 00, 4
30, 24, 34, 9
98, 99, 70
66, 76, 90
15; 47; 71
15, 3
16, 13, 82
15, 7
15, 5
15, 4
Goalkeeping coach
83, 16, 80
11, 71, 76, 83
33, 14, 17
11, 24, 16, 12, 20
30, 56, 58, 83
––
63, 71, 70, 61, 62, 67
34, 9, 33, 52
88, 74, 78
85, 80, 84, 83
45, 34, 50
70, 77, 96, 67
33, 44, 55, 15, 34
89, 18, 19, 17
40, 20, 9
36, 11, 9
1, 7, 2, 12
67, 48
73, 77, 87
14, 41, 44
33, 23, 43
21, 27, 26, 29
52, 6
31,33
67, 90
11, 33
67, 97
00, 34, 54, 30
11, 35
42, 40, 54, 44
11, 31
31,37
50, 14
11, 37
50, 16
34, 44, 38
70, 79, 77, 74
44/34
66, 58, 70
72, 70, 43
11, 22
29, 36, 46
77, 75, 62
11, 24
11, 25
15, 9, 29, 23, 44
33, 23, 20
289
11, 20
27, 52
28, 33, 44
11, 27
96, 57, 54, 52
67,78
11, 28
42, 9, 43, 3, 35, 26, 24
50, 33
79,74
79,75
19, 5, 3
293
67, 70
297
11, 12
27, 47
82, 49, 86, 87, 81
298
11, 13
299
11, 14
27, 49
67, 74
27, 44
27, 43
67, 76
11, 10
11, 19
27, 40
50, 34
27, 42
11, 15
11, 16
11, 17
11, 18
11 & 7
95, 93, 69, 68, 94
65, 6, 10, 13
10 (Columbus), 9 (Canton)
5,18
10, 33, 11, 6, 18, 4
72, 70, 65
46, 55, 57
27, 29
33, 39, 32
27, 37
27, 36
27, 39
27, 38
27, 33
68, 71, 79
60, 97, 92
35, 25, 32
92, 76, 75, 59
27, 35
27, 34
85, 18, 86
67, 66, 63
27, 31
17,80,84
50, 25
32, 24, 21, 41
21, 12, 7
n/a
82, 83, 85
82, 83, 80
14, 10, 11
54, 74
5, 22, 34, 23
1, 20, 36
81, 47
14, 17, 6
97, 79
97, 78
54, 61
46 and 40
24, 35, 34
26, 27, 29, 30
54, 62
55, 56, 59, 53
97, 76
54, 65
97, 72
54, 64
80, 84, 83
81, 45
44, 10, 32,
81, 18
2, 15, 80
81, 17
17, 16, 82
84, 80, 49, 40
83, 80, 82, 89
54, 50
54, 51
95, 99, 70, 93
unknown
54, 55
54, 52
54, 53
50, 58, 59
54, 58
54, 59
27, 87
54, 56
29, 23, 14
54, 57
81, 13
16 (CGY)
81, 11
27, 85
50, 25, 20, 00
24, 22, 19, 2, 21
27, 82
23, 45, 26
20, 8, 27, 18
53, 44, 50
35, 20, 31, 7, 33, 30
12, 30, 7, 42
81, 25
6, 8, 10, 9
97, 59
70, 75, 85
63, 56, 58
97, 52
99, 96, 72, 78
TAB
50, 42, 32
68, 57, 62
11, 41
54, 45
2 (national team)
81, 24
81, 21
None
69, 61, 62
98, 99, 56
7, 9, 10
49, 57, 51
7, 9, 11
30, 9, 3
70, 75, 77
23, 18, 79
45, 4, 9
TBA
TBC
TBD
40, 62, 66, 41
69, 65, 78, 71
52, 53, 56
6, 2, 3, 4
45, 12, 7, 45, 11
52, 53, 58
81, 82
81, 80
26, 34, 46
40, 4
81, 89
85, 58, 78
87, 82, 88, 85
81, 87
81, 88
39, 32, 34
81, 85
81, 86
81, 83
81, 84
26, 7, 18
65, 67, 62
47, 89, 75, 80
2, 8
2, 6
25, 26, 27, 35
12, 15, 12
54, 94
54, 95
43, 8, 42
65, 67, 68
87, 83, 88
--16
54, 99
54, 96
71, 96, 99
33, 30, 31, 40
18, 10, 26, 7
2, 5
56, 90, 59
2, 4
22, 24, 26
22, 24, 27
2, 1
2, 0
7 (Michigan), 37 (Patriots)
89 (Michigan, Chargers), 82 (Chiefs), 86 (Raiders)
7, 10, 1
11, 80
12, 15, 24
97, 99
79, 70, 73
97, 98
54, 81
97, 96
11, 89
39, 2
67, 79, 68
97, 94
79, 70, 63
97, 93
97, 92
97, 91
11, 87
67, 79, 62
62, 72, 79, 80
34, 21, 2, 5, 1
79, 61
79, 66
5, 17, 4
32, 45
32, 46
79, 68
5, 18, 15, 6, 21
32, 41
32, 42
75, 60, 69
32, 44
4, 11, 6, 16
32, 40
11, 64, 62, 55
13, 3, 23
58, 50, 99
82 (Michigan, Cincinnati, Dallas)
0, 00
91, 94, 95, 75
79, 73
79, 74
15, 16
79, 71
15, 17
79, 72
15, 18
15, 11
79, 77
79, 78
15, 12
15, 13
79, 75
79, 76
15, 14
2010-
15, 10
41, 24, 27
24, 25, 7, 50, 30, 40, 31
32, 55
8, 32, 43
30, 33, 27
5, 6, 8, 9
33, 3
29, 21, 23, 33
79, 70
23, 22
23, 21
19 / 7
23, 24
20, 37, 49, 48
15, 28
79, 83
15, 22
79, 89
15, 23
23, 20
15, 24
32, 29
15, 25
32, 23
21, 2
32, 24
62, 70, 72, 66
23, 29
49, 84, 88
32, 25
15, 20
15, 21
32, 26
23, 26
23, 25
32, 21
32, 22
48,42
87, 80, 83
87, 80, 84
--55
87, 80, 88
23, 39, 30
40, 20, 41
96, 93, 91
15, 19
79, 80
##
79, 96
79, 93
79, 94
15, 33
32, 38
65, 67, 91
32, 39
79, 97
88, 82, 83, 85
79, 98
32, 34
No. 22, 9, 77 (Phillips 66ers)
32, 35
32, 36
76, 73, 57, 78, 71, 77
32, 37
15, 32
13, 14, 15
32, 30
11, 52, 32
32, 31
#1
32, 33
21, 9
0, 16
21, 7
21, 6
21, 5
#9
3, 6, 20
10, 30, 40
79, 90
23, 44
51, 81, 56
23, 40
94, 56
23, 42
94, 58
9, 14, 20, 15, 22
88, 65
88, 67
34, 10, 22, 33
23, 49
Manager (Interim)
41, 54
58, 50, 52
58, 50, 54
8, 15, 24
88, 61
not yet assigned
94, 52
33, 17, 44
18, 10, 15, 38
77, 87, 80
23, 33
23, 32
23, 35
76, 66, 65
23, 34
23, 31
23, 30
32, 15
23, 37
68, 75, 76
23, 36
32, 10
32, 11
22, 27, 26
23, 38
79, 77, 78, 73
14 (1926), 12 (1927), 17 (1928/29)
73,76
22, 27, 24
9, 12, 8, 14
80, 88, 81
80, 88, 83
94, 78
88, 22, 26
91, 95, 70
4; 8
88, 85
59, 71, 76
88, 84
88, 87
88, 86
88, 89
22, 27, 39
24; 29; 10
78, 70, 76
24,32
88, 80
88, 83
55, 34, 50
88, 82
94, 76
275, 2
22, 33, 20
94, 72
11, 9, 5
30, 20, 47, 23
23, 53
94, 69
90, 93, 99
41, 80
52, 78, 90
50, 56, 87, 83, 89, 86, 48
20, 47, 33
88, 71
3,1
5, 80, 82, 83
32, 5, 22
94, 61
50, 51, 52
84, 82, 81
8, 29, 26, 9, 18, 24
20, 12, 32, 26, 21, 24
51, 99
14, 18, 42
11, 18, 9, 8
82, 78, 57
52, 50, 54
96, 78, 72
87, 80, 86, 82
15, 82
71, 79, 65
84, 10
51, 90
84, 11
84, 12
44, 40, 9
41, 13
84, 13
94, 91
41, 10
57,52, 50
74, 76, 78
74, 76, 79
41, 14
51, 98
84, 19
94, 97
94, 96
94, 99
94, 98
94, 93
94, 92
94, 95
59, 56, 51
27, 20, 28
23, 73
59, 56, 54
87, 74, 73
41, 20
84, 21
84, 22
41, 23
41, 24
98, 71, 58, 93
41, 21
41, 22
12 (Michigan)
41, 27
41, 25
84, 28
19, 18, 85
97, 99, 92
27, 20, 25
11 (1927)
51, 80
25, 15, 11, 21,
78, 90, 93, 94
73, 74, 72
41, 30
41, 31
41, 34
54, 56, 53
84, 35
41, 33
46, 84, 20, 89
41, 36
11.7,5
41, 37
41, 82, 83, 81
18, 81, 84
36, 33, 41
50,98,95
21, 94, 44
78, 35, 83
1, 7, 44, 8
41, 42
41, 40
41, 45
84, 44
41, 46
41, 43
41, 44
97, 95, 52
41, 49
84, 48
52, 50, 58
84, 49
23, 31, 41, 35, 40
41, 47
36, 33, 34
22, 45, 54, 50, 41
74, 67, 76
13, 23, 17
56, 51, 57
67 (CGY), 52 (EDM)
85, 81, 20
75 (college) 66 (professional)
10, 13, 11
42, 27, 40
5, 10, 44, 13
21 (Michigan, Philadelphia)
4 (national team)
66, 76, 69
0, 42
7 (national team)
7, 26, 15, 21
--
15, 51
64, 70, 74
15, 50
25, 15, 20, 35
11 (national team)
32, 24, 46
24, 8, 42, 7
15, 25, 11, 5
0, 31
9 (41 for the first team)
88, 86, 82
7, 23, 32, 14
8, 11, 12, 7
79, 41
88, 86, 87
92, 52, 55
82, 87, 86
11, 1, 7, 10
10, 91, 50
90, 78, 94
12, 6, 17
31, 25, 16, 6
50, 45, 31
39, 36, 45
55, (1925), 28(1929)
7,11,16,22
45, 3
61, 97, 73
11, 10, 14, 15
OV-099
82, 87, 88
OV-098
14, 44, 32
80, 82, 84, 10
29, 11, 20
30, 33, 41
7, 10 ,17
88, 86, 80
00
01
02
03
88,87
05
06
08
19, 22
19, 24
23, 20, 15
34, 44, 69, 53
60, 59
60, 57
21, 25, 28
60, 55
21, 25, 26
41, 28, 22
51, 53, 96, 54
19, 16
60, 51
19, 15
19, 18
21, 25, 20
10, 1, 11
4, 20
22, 46, 25
11, 1, 7
43, 40, 42
4, 27
38; 23
62, 69, 68
10
11
12
13
14
24, 21, 14, 35, 4
15
16
76, 45, 44
17
18
51, 53, 57, 59
99, 15, 11, 12
19
19, 34
57, 63, 44
23, 20, 27
23, 20, 28
10, 55, 3
60, 68
60, 69
60, 66
60, 67
60, 64
60, 65
75, 50
60, 62
60, 63
60, 61
24, 52, 14, 25, 42, 26, 44
4, 12
4, 11
4, 14
21, 15, 11, 7
4, 13
4, 15
20
21
22
23
83 , 89
81, 83, 82
36, 86
24
16, 84, 85, 82
25
26
26, 12, 15
27
28
25, 47, 38
29
(undisclosed yet)
6, 42, 50
36, 89
89, 84, 81, 47
81, 83, 84
25, 20, 42, 33, 32
17, 15, 31, 30
30
31
32
21, 42, 41
36, 37, 24
33
34
35
36
37
50, 6, 22
38
39
51, 59, 50, 52
19, 12
6; 23
11, 20, 52, 17
19, 14
19, 13
66, 67, 70
19, 10
21, 25, 31
25, 38, 26
32, 88, 89
40
41
42
43
44
45
27, 33, 36
46
69, 53, 68
47
48
17, 42, 7, 24
61, 63, 65
49
20, 21, 34
45, 61
72, 96, 95
60, 14
72, 96, 97
92, 99, 96
84, 89, 88, 86, 87
14, 31, 24
55, 21, 10
22, 24, 20, 21
18, 10, 7
18, 10, 9
50
21, 22, 34, 82
51
52
32, 15, 10
53
54
50, 32, 52
55
56
57
58
51, 53, 52
59
20, 21, 44
5, 33, 1
45, 57
45, 55
45, 54
94, 73, 97, 77
89, 88, 42, 41, 61, 53
33, 45, 48
60
61
62
63
64
65
44, 7, 21, 30
66
67
68
69
98, 77, 99
94, 45, 85, 87, 49
79, 95, 99
49, 48, 30
45, 86
26, 89, 34, 50
45, 83
23, 26, 29, 32
20, 19, 33
55, 51, 52
21, 81, 82
70
51, 53, 58
71
72
73
74
75
11 (1924)
51, 53, 55
76
77
78
79
36, 9
50, 32, 14
20, 21, 24
12, 5, 6, 14
20, 21, 26
92, 99, 98
61, 78, 77
44, 35, 4, 23, 53
71, 73, 76, 78
80
81
86, 87, 82
82
83
84
85
86
26, 29, 21
87
53, 72, 64, 51, 75
88
90, 74, 92
89
3, 11, 27
45, 27
10, 14, 19, 15
45, 25
45, 29
3, 15, 9, 19, 24
3, 84, 5
49, 78, 77
65, 76, 84
44 & 47
87, 78, 88
45, 24
48, 85, 80
45, 22
76, 75, 77
45, 21
67, 71, 70
33, 32, 34
82, 31, 37
90
21, 12, 44
91
92
93
94
95
96
97
35, 31, 36
98
49, 47, 20, 22
30, 59, 51
99
88, 16
45, 17
45, 16
58, 40, 48, 44
45, 10
35, 31, 41
24,21
12, 14, 20, 23
25, 21, 20
85, 86, 87, 88
88, 49
88, 48
45, 49
19, 83
45, 48
12,11
84, 19, 80
45, 47
16, 12, 9
18; 45; 43
72, 92, 58
12,14
19, 89
88, 40
19, 88
45, 41
45, 46
88, 44
19, 84
45, 44
71, 75, 72
8, 11, 29
4, 82
71, 75, 66
Goalkeeper Coach
48, 57, 58
42, 7, 40
45, 38
45, 36
4, 32, 36
39, 81, 89
88, 32
45, 33
66, 93, 97
no.4
40, 31, 25, 28
12,7
83, 87, 88, 80
38, 32, 36
27, 33, 46
12,4
24 or 12
68, then No. 74
32, 87
32, 83
63, 62, 55
60, 96
60, 93
60, 92
12 (Ohio State), 45, 41, 22, 38, 33
81, 83, 82, 24, 20, 29
26, 40, 46
48, 65, 67, 81, 86
82, 83, 84, 86
42, 44, 82, 41
75, 98
1, 19, 5, 4
11, 9, 12
75, 90
75, 92
75, 91
30, 16, 20
8, 11, 13
75, 93
10, 69, 66
75, 95
28, 24, 26
40, 82, 87
67, 64, 74, 68
84, 88, 87
75, 65
20, 34, 35
67, 70, 75, 77
75, 66
81, 83, 43
60, 79
37, 30, 31, 46
60, 77
60, 78
53, 52, 57
60, 75
60, 76
53, 52, 55
75, 60
53, 52, 54
50, 55, 44, 30
75, 62
0, 94, 54
4, 44
3, 11, 10
28, 24, 36
23, 1, 14
16, 8, 20
??
23, 1, 8, 5
28, 24, 41
53, 50, 57, 55
75, 76
16, 17, 19
75, 78
91 (Michigan), 71 (Houston)
75, 77
12, 21, 15
19, 52
75, 79
94, 92, 40, 54
76, 75, 65
86, 83, 12
85, 45, 28, 44
75, 70
75, 72
75, 74
60, 82
75, 73
22, 18, 20
80, 74
39, 83, 88
64, 79
85, 80, 81, 84, 89, 3
80, 77
64, 75
64, 76
23, 24, 27
84, 86, 15
15, 25, 22
14, 20, 18
94, 57, 54
86, 83, 88
80, 70
83, 90, 67
35, 42, 8
6, 9, 4
23, 24, 22
18, 3, 33, 35
64, 73
41, 35, 40, 4, 30
64, 71
43, 27, 21
55, 56, 53
80, 84
80, 85
80, 86
80, 87
80, 88
8, 14,11
7, 12, 3
80, 89
20, 24, 38
15, 11, 5
11, 20, 22
80, 81
80, 82
71, 23
80, 83
AT
86, 83, 85
20, 15, 19
40, 43, 44
20, 15, 8, 19
10, 89
80, 53
64, 99
7, 18
7, 17
7, 16
71, 51
18, 41, 20
7, 11
71, 58
7, 10
52, 12, 4
7, 15
87, 86, 81, 84
34, 32, 36
64, 71, 62, 76
7, 14
7, 13
54, 60, 78
34, 23, 37
9, 22, 19
7, 12
80, 65, 64
64, 96
10, 82
64, 92
64, 90
5 (Michigan), 25 (Giants)
44, 11, 12, 13
29, 20, 2, 28
66, 71, 76
66, 96, 97, 99, 65
32, 35, 23
7, 27
20, 7, 22, 14, 9, 17
32, 35, 26
33, 6, 44
7, 21
7, 26
24, 29, 27
7, 24
Al-Raed FC
34, 32, 41
30, 32, 5
30, 32, 7
55, 74
55, 75
75, 91, 95
22, 12, 31
55, 78
55, 79
15, 16, 18
80, 83, 88
80, 83, 87
80, 83, 85
5, 46, 27
15, 16, 12
12, 34, 35
40, 34, 35
63, 64, 67
7, 35
55, 62
55, 63
13, 9, 12
55, 64
4, 6, 1, 3
55, 66
77, 72, 74
55, 68
20, 32, 45, 55
8, 10, 16, 18
7, 43
42, 85, 86
7, 47
21, 52, 22
83, 11, 19
7, 34, 52
52 (CGY)
55, 60
55, 51
55, 52
82, 28, 43
55, 53
55, 54
91, 57, 95
55, 56
30, 4, 7, 17, 2
60, 64, 67
55, 57
14, 12, 7
55, 58
55, 59
10, 14, 23, 4
27, 45, 34
60, 62, 46, 86, 83
3, 4, 12, 5
92, 94, 95
7, 54
71, 15
84, 86, 81
33, 81, 88
14, 9, 18, 13
99, 70, 97
81, 84, 13
60, 64, 71
55, 50
21, 23, 24, 26
96, 70, 71
55, 40
55, 90, 91
78, 68, 77
55, 42
85, 15, 14, 26
55, 43
44, 10, 22
12, 11, 8
55, 45
29, 24, 26
72, 75, 83
2  (national team)
20, 33, 80
19, 20, 27, 52
90, 76, 69, 61
61, 67, 62
71, 61, 65
42, 5
82, 76, 70, 72, 79
91, 57, 75
24, 21, 4, 14
18, 27, 20
87, 86, 80
83, 93, 99, 56
9, 10, 11, 3
57,64
Dinamo Minsk
37, 31
37, 30
37, 33
37, 39
67, 69, 73, 77
67, 31, 30
37, 38
5, 10, 11
74, 72, 70
60, 69, 74, 94
19, 82, 84
22, 21, 43
34, 41, 35
18, 32, 44
19, 39, 28, 8, 20
63, 64, 14
37, 21
23, 24, 17, 19, 50, 25, 40
37, 26
54, 6
35, 60, 9, 4, 16
42, 7, 22, 18, 12
30, 37, 34, 35
13, 19, 14
37, 52
20 (Michigan), 52 (NFL)
12, 20, 44, 31, 28, 21
22, 21, 28
52, 58, 91
40, 29, 43
22, 21, 20
12, 15, 16, 11
3 (1927)
18, 11, 4
37, 42
37, 40
37, 41
44, 46, 48
37, 46
37, 45
12, 18, 14
47 (10 for the second team)
28, 23
28, 21
#10
11, 4, 20
28, 20
28, 27
28, 26
28, 25
71, 70
28, 24
59, 90
17, 18, 42, 16
71, 72
71, 74
71, 73
71, 76
71, 75
71, 78
71, 77
59, 99
31, 30, 23
71, 79
12, 27, 80
54, 51, 53, 55
59, 91
59, 93
59, 95
59, 96
28, 16
42, 1, 44
33, 24, 12, 30, 25
71, 60
71, 63
71, 62
71, 65
71, 64
31, 25, 12
71, 67
7, 4
71, 69
7, 3
71, 68
31, 30, 12
7, 6
7, 5
NA
15, 81, 19, 85
7, 8
30, 11, 40
40, 29, 28
7, 9
42, 40, 53
59, 80
17, 40, 45
59, 84
7, 1
26, 22, 20
3, 9, 8, 83, 4
49, 52, 54
49, 52, 57
64, 54
89, 49, 45
87, 86, 16
98, 96, 97
28, 10, 11, 13
62, 52, 63
9, 5, 3
83, 85, 87
64, 69
64, 66
64, 67
71, 81
64, 65
43, 44, 30, 34, 21
23, 40, 30
71, 82
33, 22, 49
71, 89
37, 87
85, 89, 16
87, 75, 57, 71
64, 62
64, 63
37, 89
64, 61
#53
66, 68, 69, 62
#58
24, 25, 10
88, 17, 18
84, 92
28, 6, 11
43, 47, 37, 49, 27
30, 35, 33, 14
51, 19
5, 19, 16
84, 21, 83
30, 32, 33, 34
68, 97
68, 96
49, 81, 87
66, 75, 72
0, 1, 9, 10
24, 25, 22
66, 75, 76
89, 24, 81
32,31,38
4, 9 ,12, 4
28, 51
49, 88, 89
30, 23, 13, 28
42, 23, 25, 27, 39
80, 10, 88, 87
83, 85, 17
72, 71, 74
33, 29, 38
81, 83, 85, 89
98, 72, 93, 76
28, 45
28, 44
28, 42
56,54,57
24, 25, 33
28, 46
86, 22, 26
28, 41
43, 32, 38
25, 12, 24, 40, 35
21, 28, 48, 42
68, 79
45, 49, 38
82, 57, 53
14, 15, 17
68, 77
68, 76
68, 75
68, 74
57, 94, 55
68, 71
28, 34
20, 11, 17
14, 15, 20
28, 33
5, 7, 15
28, 32
28, 31
28, 38
33, 38, 30
5, 7, 11
28, 30
54, 53, 50, 93
5, 7, 17
31, 43, 32
50, 25, 31
90, 92, 68, 49, 43, 61
10, 17, 22
28, 29
39, 47, 83
68, 85
#93
68, 84
14, 80
51, 59
51, 58
51, 57
51, 56
51, 55
26, 35, 22
20, 11, 21
10, 9, 7
21, 24, 34, 40
21, 22, 7
36, 45, 40
69, 60, 98
84, 55
21, 22, 1
51, 54
51, 53
51, 52
51, 50
14, 81
14, 15, 42
32, 31, 27
32, 31, 28
20, 11, 35
18, 85, 82, 81
51, 46
51, 45
60, 61, 71, 73
21, 34, 22
84, 64
52 (Michigan), 99 (Cowboys), 97 (Lions)
90, 94, 93, 96
29, 20, 22
16, 13, 7
51, 41
00, 39, 50
5 (Brigham Young University Cougars), 30 (Indianapolis Colts), 44 (Carolina Panthers)
N/A
51, 79
51, 77
63, 68, 60
28, 84
28, 82
51, 76
65, 79, 76, 72
51, 75
59, 91, 48
57,52
23, 33, 40, 35
51, 67
51, 66
17, 15, 13, 20, 6
84, 80
28, 32, 23
84, 81
84, 82
84, 83
28, 74
84, 85
84, 86
5, 4, 6, 2, 7
28, 72
84, 87
84, 88
84, 89
82, 85, 88, 87
51, 63
37, 27, 26, 31
51, 60
10, 25
65, 52, 59
10, 23
10, 24
19, 7, 9
10, 20
40, 11, 6, 17, 19
10, 28
20, 42, 49
13, 1 ,9
83, 80, 81, 15
41, 24, 20, 25
70, 78, 77
70, 74, 72
18 (national team)
12 (national team)
94, 96, 72, 95, 97
61, 70, 64
24, 20, 27, 34
30, 8
82, 6
25, 41, 40
30, 1
10, 30
60, 55, 57, 55
82, 9
52, 54, 58
12, 19, 26, 51, 14, 20, 23
30, 9
52, 54, 53
53, 32, 50
23, 29, 25, 22, 31
52, 54, 60
90, 97, 96
55, 50, 51, 52
34, 31, 30, 32
50, 82, 34
53, 59, 57
(n/a)
3, 2, 4, 5, 20, 6, 25
16, 18, 88, 17
14, 22, 44, 4, 31, 21
55, 97
4, 40, 7
69, 77, 74
10, 00
20, 21, 24, 33
20, 21, 24, 28
30, 20, 12
56, 60, 69, 50, 62, 67, 61
P1618|from=Q23644961
55, 94
1  (national team)
25, 24, 14, 11, 12, 9, 13
10, 14
10, 15
10, 12
10, 13
10, 11
91, 71, 95
10, 18
10, 19
10, 16
7, 8, 13
71&73
87, 82, 85
44, 26, 15
96, 68
98, 56, 55
50, 51, 55(college)
69, 77, 93
83, 87, 80, 84
46 (Michigan), 42 (Chiefs)
17, 6
17, 7
83, 89, 88
10 (1922)
17, 8
17, 9
24, 12
17, 3
11, 12, 22, 25
84, 85, 86, 87, 88
83, 89, 84
68, 58
17, 5
77 (CGY), 99 (WPG)
24, 19
21, 34, 7
80, 44
80, 46
89, 52, 57
22, 25, 21
44, 34, 28, 32
33,43
24, 23
40, 47, 21
99, 90, 94
24, 22
47, 88, 84
24, 21
68, 69
24, 20
24, 27
68, 67
24, 26
68, 66
73, 77, 66, 70
24, 25
96, 71
68, 65
96, 70
68, 64
68, 63
68, 62
68, 61
24, 29
24, 28
68, 60
96, 47
35, 22, 11
10, 42
10, 24, 8, 2, 5
33,34
4 (Captain)
44, 25, 24, 41
68, 38
14357
10, 40
80, 17
13, 44, 33, 20, 81
80, 19
96, 56
14, 15, 7
80, 24
38, 23, 28, 29
20, 28, 30
95, 96, 92
63, 55, 57
48, 65, 67
54, 51, 92
83, 89, 51
35, 51, 54
96, 52
14  (national team)
53, 46, 90
26, 32, 31, 83
51, 58, 69
61, 60, 54
46, 20, 26
28, 27, 25
24, 50
8, 17, 14, 15
24, 59
51, 58, 50
23, 3, 40, 39
10, 14, 15
51, 58, 53
32, 7, 20, 15, 3
26, 27, 23, 21
81, 80, 87
81, 80, 89
13, 12, 8, 9
92, 76, 72, 91
87, 80
87, 83
87, 84
87, 81
87, 82
78, 60, 72
99, 69, 71
Head coach
24, 30
64, 61, 63
24, 34
26, 39, 25
24, 33
24, 32
24, 31
87, 88
87, 85
71, 78, 79
87, 86
4, 21, 35, 40, 12, 32
87, 89
24, 85, 49
16, 40, 44
34, 39, 43
34, 39, 41
78, 99, 75
24, 40
24, 45
54, 59, 99
24, 44
24, 43
24, 42
35, 33, 34, 30
24, 48
71, 93, 96
33, 63
87, 75
24, 46
31, 9, 23
65, 66, 67
5,8
82, 2, 81
33, 50
4, 8
4, 9
78, 60
26, 65, 66, 68
27, 23, 24
59, 53, 58
33, 35, 55
4, 0
78, 65
4, 1
78, 66
10, 17, 3, 12
4, 2
78, 67
4, 3
78, 68
46, 83, 80
4, 5
4, 6
4, 7
59, 72, 95
33, 54
33, 52
3, 5, 7
78, 69
42, 93
65, 75, 72
33, 55
25, 44, 33
25, 7, 86, 88
7, 12, 22
26; 40
54, 68, 57, 56
50, 54, 53
24 (Michigan), 51 (Giants), 50 (Cowboys, Vikings)
78, 71
28, 42, 26
36, 27, 29
64, 61, 46
78, 76
87, 18
78, 77
19 Tennessee
78, 79
87, 17
78, 72
29, 36, 22, 26, 39
82, 84, 89
78, 74
44, 29, 12, 7, 21
78, 75
33, 42
41, 25, 23
33, 43
45, 70, 72
11, 18, 12
58, 40, 54
87, 15
22, 43, 28
33, 47
87, 12
41, 25, 29
33, 44
33, 45
45,25,43
78, 87
33, 39
78, 88
33, 37
87, 49
48, 56, 45
72, 73, 62, 55
32, 21, 22
45, 36, 42, 44
32, 21, 20
33, 31
33, 32
87, 41
87, 47
33, 35
47, 22, 41, 20
18, 88
33, 36
18, 86
33, 34
54, 68, 60
5, 15, 36
78, 90
81, 80, 18
33, 28
78, 98
87, 38
33, 27
24, 82
34, 30, 25, 41
78, 95
78, 97
24, 86
33, 20
33, 21
- -  Free Agent
33, 24
3, 80
33, 25
33, 22
33, 23
61, 66, 67, 69, 73, 77, 78
3, 51, 54
33, 44, 55
- 7
27, 49, 20, 30
85, 67, 70
24, 12, 33
85, 87, 81, 88
54, 52, 50, 59
64, 70, 74, 92
33, 15
14, 44
14, 41
14, 42
33, 13
14, 40
13, 24, 16
1, 13, 82
12, 11, 22
7; 26; 77
52, 55, 5
11, 33, 25
33, 44, 40
55, 51, 56, 54
65, 56, 68
93, 41
7, 5, 2
52, 42, 40, 8
88, 83, 33
21, 20, 30
73, 75, 79
14, 52
50, 53, 80, 83
7, 5, 9
7, 5, 8
5, 84, 89, 85, 87
12, 7, 17
22, 28, 43
96, 44, 25, 26
42, 78
35, 9
3, 9, 31
35, 7
27, 26, 21, 47, 43
76, 79, 63, 77
12, 7, 11
88, 87, 85
88, 87, 84
21, 20, 23
28, 42, 35
53, 52, 42, 40
42, 72
14, 62
42, 89
42, 88
63, 66, 68, 69
11, 33, 40
5, 8, 9
5, 8, 6
88, 87, 80
14, 19, 89
52, 51, 95
55, 97, 52
5, 15, 80
74, 75, 72
74, 75, 70
93, 92
93, 90
23, 1
88, 82, 86, 89
23, 4
93, 99
93, 97
28, 29, 47, 53
93, 96
93, 95
75, 65, 69, 71, 5
93, 94
12 (1921), 23 (1922), 10 (1923, 1925)
41, 15, 35, 6
44, 88, 75, 83
67, 74, 94, 75
42, 21
87, 90
11, 15, 6
42, 20
60, 77, 75
-- Free Agent
42, 25
17 (Arkansas)
42, 24
42, 27
14 (national team)
42, 26
49, 30, 45
42, 28
10,983
14, 19
14, 16
14, 17
61, 59, 6
14, 15
78, 72, 64, 77, 71
14, 12
14, 10
85, 82, 68
23, 7
62, 67, 71, 63
88, 14, 15
42, 32
23, 12, 30
42, 31
62, 74, 79
42, 33
42, 36
85, 82, 88
42, 35
54, 55, 51
42, 37
54, 55, 59
54, 40, 30, 50
54, 55, 57
42, 48, 40
38,44
45, 33, 31, 34, 23
41, 20, 29, 25
14, 25
11, 3
11, 2
20, 12
14, 22
20, 11
24, 21, 22, 41, 31
20, 10
40, 7, 45
14, 20
48; 12; 17
20, 14
20, 13
42, 43
26 (Michigan), 23 (New England)
42, 45
42, 44
64, 71, 79
42, 47
42, 46
42, 49
54, 55, 60
11, 4
20, 80, 83
19, 17, 32
11, 7
11, 8
23, 12, 20
85, 88, 15, 84, 82
20, 29
20, 28
68, 67, 71
20, 23
78, 32, 28
14, 32
20, 22
20, 21
14, 31
20, 27
20, 26
20, 25
62, 74, 72
42, 41
20, 24
42, 40
88, 82, 00, 8
20, 30
Grazer AK
61, 64, 69
59, 55
46, 49, 72, 77, 79
8, 18, 13, 7
59, 56
89, 87, 82
89, 87, 81
59, 58
89, 87, 80
33, 31, 81
45, 51, 33, 44, 32, 50, 55, 22
77, 78, 71, 70
20, 33
20, 32
74, 66, 67
20, 31
59, 50
59, 51
59, 52
20, 37
59, 53
92, 98, 97
20, 36
59, 54
61, 96
61, 99
20, 41
94, 54, 90
20, 40
1, 12, 2
45, 42, 14
25, 39, 47
20, 23, 33, 38, 39
59, 44
58, 53, 56
59, 49
20, 45
19, 82 , 80
20, 43
20, 42
13, 11, 45
62, 70, 71
58, 53, 52
20, 47
1,5,7
61, 87
82, 88, 87
20, 50
22, 15, 21
15 (1922), 5 (1925-1926)
14, 3, 5
44,00,91
18, 19, 6
22, 16, 9, 44, 22, 21
28, 23, 35
59, 79
5, 11, 12
58, 53, 49
5, 7, 10, 11
73, 72, 70, 77
95, 58, 53
55, 52, 50
61, 74
55, 52, 51
61, 75
61, 76
55, 52, 53
61, 70
61, 71
61, 72
61, 73
46, 87, 88
19, 10, 23, 6 
5, 11, 15
59, 66
99, 97, 71
82, 85, 80, 87
10, 8, 6, 20, 16
78, 73, 72
59, 63
`10
61, 63
95, 94, 91, 93, 99
32, 25, 24
61, 64
61, 65
6, 9, 14
61, 60
61, 62
14, 9
14, 7
35, 32, 44
14, 8
3, 9, 17
15 (Michigan), 25 (Pittsburgh)
96, 59, 53, 55, 47
--5
61, 67
61, 68
21, 24, 28
20, 81
61, 53
61, 55
20, 83
26, 7
20, 82
88, 83, 82
32, 25, 30
45, 27, 12
36, 23, 37
21, 24, 12
84, 89, 11
61, 57
67, 72, 75
23, 21, 37
94, 95, 97
41, 76, 75
82, 88, 46
20, 37, 47
25, 22, 42
1, 5, 6
47, 20, 29
9, 23, 29, 44
15, 31, 12, 2
11, 14, 16
48; 44
81 , 86 , 87
25, 22, 32
87, 1
99, 66, 96, 64
25, 7, 12
57, 53, 50, 58
14, 2
22, 45, 43, 23, 12, 42
14, 5
14, 6
11,13,18,20,23
14, 3
30,36
21, 24, 31
14, 4
5; 27
20, 30, 21, 22
11, 14, 13
Chicago Cardinals 47, Philadelphia Eagles 37
14,3
31 / 21
74, 83
28, 31, 26, 33
none
94, 99, 90
84, 29, 24
37, 14, 32
81, 80, 17
81 (Buccaneers), 1 (Bisons), 33 (Yankees), O (Orange), 19 (Steamroller)
81, 80, 12
5 (1923 Canton)
46, 76
18, 66
46, 78
10, 16, 43, 40
74, 93
15/11
Retired
74, 96
74, 95
74, 94
46, 80
42, 39, 31
31, 21, 32
7, 88
32,34,30
53, 51, 52
24, 25, 30, 20
21, 11, 12
7, 80
46, 83
46, 82
74, 99
46, 85
21, 11, 16
62, 52, 50, 60
3, 40
75 (CGY)
3, 44
3, 43
74, 62
37, 42, 32
24, 44, 45
49 20
10, 81, 83, 86
20, 33, 26
74, 67
18, 47
46, 52
46, 51
74, 65
18, 44
18, 43
46, 56
18, 41
74, 70
1, 9
14, 34, 10
74, 75
3, 33
1, 7
96, 98, 95, 96
1, 8
40, 46, 49, 48
1, 5
14, 4, 34
74, 73
1, 6
74, 72
3, 37
43, 41, 42
3, 34
34, 10, 12, 7
22, 19, 17
32, 7, 24, 10
18, 50
12, 20, 21
38, 23, 20, 25
20, 33, 34
74, 79
1, 3
1, 4
74, 78
74, 77
46, 63
20, 30, 40, 21, 22, 43
74, 76
1, 2
88, 80, 89, 87, 82
20, 33, 36
67, 72, 97
95, 73, 77
46, 66
3, 22
18, 17
18, 16
22, 21, 31, 32, 23
31, 21, 61
10 (1923), 16 (1924), 18, 17 (1925), 12 (1926)
91, 94, 92
3, 10, 17
67 (Michigan)
46, 39
46, 30
18, 24
18, 23
18, 21
46, 34
12, 20, 17
46, 33
3, 11
3, 10
18, 28
14, 4, 13
18, 27
23, 2, 24
3, 15
11, 16, 29, 13, 10
4, 1, 7
3, 13
3, 12
3, 19
3, 17
46, 47
46, 46
46, 49
46, 48
83, 89, 48, 49, 85
83, 85, 87, 86, 17
23, 2, 20
38, 33, 53
6 (1923)
74, 57
93, 91, 99
93, 91, 97
74, 54
46, 40
18, 34
46, 42
79, 92, 68
46, 44
ТBА
32, 40, 34
38, 33, 47
35, 17, 33
67, 64, 75, 74
54,59
Madureira
46, 15
60, 73, 77
71 (CGY)
71, 74, 76
73, 71, 67
56, 65, 66, 77
32, 12, 11
79, 92, 93
40, 25, 22
38, 33, 37
46, 25
32 @ Texas A&M, 33 @ Ottawa Rough Riders
46, 24
46, 27
37 (Michigan), 34 (Patriots), 33 (Broncos)
46, 29
46, 28
25, 35, 39
81, 84, 88
73, 71, 77
18, 15
74, 34
18, 14
18, 12
46, 21
18, 10
46, 20
46, 22
94, 95, 93, 91
47, 33
47, 32
37, 41, 57, 58
47, 30
18, 19, 88, 89, 83
91, 55, 54, 59
81, 11, 10, 15
(Football in the Community Officer)
7, 18, 23, 21, 8, 14
47, 38
53, 48, 94, 56
56, 72
14, 12, 22
85 , 83
21, 22, 20, 24
21, 22, 20, 25
21, 22, 20, 29
47, 44
47, 43
78, 76, 72
64, 62, 88, 76
72, 67, 65
78, 76, 70
44, 49, 80
78, 76, 74
61, 68, 78
56, 65
47, 49
56, 63
14, 7, 4, 13, 0
56, 64
47, 46
47, 45
10, 45, 12
14, 12, 16
80, 81, 86, 82
44, 4
52, 55, 11
84, 87, 82
80, 81,18
FC Petržalka akadémia
56, 58
56, 59
44, 1
56, 57
56, 54
56, 55
44, 2
56, 52
56, 53
56, 50
37, 40, 25
56, 51
72,71
27 (1918)
24, 25, 8, 5
75, 67, 76, 66
32, 7
32, 8
56, 49
32, 5
32, 6
32, 3
32, 4
55, 52, 56, 91
33, 23, 16, 35, 12
56, 41
34, 24, 54
81, 15, 18
47, 25
47, 24
23, 25, 20, 31
Goalkeeper coach
12, 21, 7
00, 38
2, 4, 10
56, 52, 55, 51
61, 68, 60
86, 82, 87
52, 43, 42, 25
24, 28, 22
81, 7
38, 30
38, 32
38, 33
68, 60, 78
38, 37
38, 39
38, 29
20, 5
23, 25, 39
20, 4
23, 25, 37
20, 3
8Perak FAand 9Penang FA
31, 22, 26
91 pit, 94 mia, 71 hou
32, 0
81, 88, 18, 16
13, 15, 7
24, 42, 33, 55
38, 20
38, 23
90, 98, 97
38, 24
40, 44, 33
38, 27
23, 25, 41
74, 71, 73
52, 55, 58
52, 55, 53
6, 14
3 (national team)
9, 12, 17
6, 16
6, 15
6, 10
67, 77, 75
34, 33, 40
85, 38, 37
38, 29, 25
15, 25, 24, 5
10 (national team)
97, 67, 63
19, 9
19, 8
24, 34, 41, 27
10, 4, 8
27, 39, 44
46, 4, 9, 41
6, 17
30, 54, 42, 31, 20, 55
13, 00, 14
54, 32, 45, 34
6, 25
45, 5, 4, 9, 17
89, 87, 85, 17
6, 21
6, 20
66, 54, 60, 59
38, 41
38, 42
38, 43
38, 44
81, 83, 80, 84
38, 45
68, 60, 66
56, 86
3, 1, 54
12, 17, 13
5,7,9
22, 45, 33, 81
31, 40, 50
23, 25, 27
12, 41, 40, 22, 55, 23, 22, 30
94, 56, 55
10, 34, 36, 26, 5
12, 11, 23, 15
11, 7, 10, 2
29, 27
24, 8, 27
29, 28
12, 40, 24, 14, 25
Ternana(manager)
78, 90, 70
29, 32
29, 30
29, 31
29, 36
70, 60
29, 34
29, 35
70, 62
37, 22, 33
70, 67
70, 65
32, 38, 35
38, 66
29, 39
24, 0, 25, 45
29, 43
64, 66, 63
29, 42
65, 36
70, 71
11, 10, 16
26, 23, 33
29, 46
70, 75
70, 74
70, 73
45, 50, 84
70, 72
21, 39, 47
70, 78
70, 77
19, 8, 24
—16
65, 60
65, 62
20, 11, 12, 19, 3
65, 61
77, 64, 63
78, 90, 91
90, 28, 15
65, 68
65, 67
64, 66, 74
65, 69
65, 64
65, 63
65, 66
12  (national team)
65, 50
1,10
83, 84, 87
66 (Michigan), 71 (Cincinnati)
65, 56
70, 93
66, 61, 73, 94, 90
83, 84, 82
8, 4, 6
83, 84, 80
70, 95
4, 28, 20
4, 9, 13
4, 9, 10
49, 89, 88
63, 72, 68
65, 82
7, 17, 19
14, 10, 1
6  (national team)
50, 96, 99
45, 36, 39, 38
34, 42, 24
4, 10, 6
68,
65, 73
94, 51, 95, 57, 50, 52
92, 97, 98
00, 50
83, 84, 22
65, 75
65, 74
65, 77
65, 76
12, 17, 1, 8
70, 33
21, 44, 43
68, 51, 58
44, 12, 14, 32
35, 27, 38
70, 49
70, 48
37, 22, 23, 31
9 (1925), 8 (1926)
99, 14
45, 23, 25, 34
7, 6, 9
9, 21, 19
54, 32, 25
32, 11, 12, 14
32, 29, 27, 20
35, 27, 25
34, 7, 11, 31
65, 95
72, 90, 95
29, 17
29, 21
29, 22
29, 20
29, 25
29, 26
20, 23, 26
65, 99
3, 16, 42
20, 23, 25
43, 46, 21
Assistant manager
20, 23, 22
9, 8, 15
3, 86, 19
72, 95, 75, 90
18, 31, 24
7, 53, 66
83, 47
83, 45
43 & 34
43, 51, 68, 76, 74
27, 26, 41
40, 31, 21
52, 61
99, 75
20, 84, 87
52, 63
25, 15, 23
14, 25, 87
99, 78
52, 60
13, 82
13, 83
16, 81, 85, 89
13, 85
99, 72
52, 66
13, 44, 23, 40
13, 87
52, 68
42, 15, 3, 16
63, 67, 75
24, 12, 7
37 (Michigan), 50 (Chiefs), 56 (Redskins)
79, 72, 62, 70
80, 86, 89
80, 86, 83
90, 55, 53
78, 76, 59, 55
52, 72
86, 84, 34, 36
21, 17, 23
30, 62, 72
11, 23, 12
16, 11, 23
20 (national team)
10, 83, 16, 14
50, 56, 52
80, 85, 87, 88
83, 28
99, 54
PBAPP
99, 53
80, 81, 9
99, 52
52, 42
99, 51
99, 58
21, 29, 23, 34
99, 55
13  (national team)
83, 3, 2
52, 45
22, 3, 20
20, 27, 37
99, 49
83, 13
82, 81, 89
83, 18
29, 21, 31
52, 51
88, 82, 85, 87, 86
52, 50
82, 81, 83
52, 53
99, 40
33, 34, 22, 0
82, 81, 80
9, 7
52, 59
52, 58
9, 8
9, 6
52, 55
52, 54
52, 57
52, 56
35, 50, 59
63, 67, 65
11, 2, 3
9, 4
83, 11
34, 60, 50
41, 22, 46
83, 89
25, 30, 2, 8, 3
5, 18, 15
81, 89, 47
2, 6, 8, 1
Manager
33, 0, 28, 22
13, 42
83, 80
61, 64, 73, 75
83, 84
83, 81
83, 82
58, 59, 51
83, 87
49, 55, 46
29, 72
83, 88
83, 85
15, 85, 84, 83
83, 86
53, 58, 52
87, 85, 89
29, 85
13, 52
29, 83
83, 76
99, 98
99, 97
99, 96
99, 95
23, 29, 26
64 (Michigan), 84 (Lions)
42, 44, 35, 10
52, 82
99, 90
88, 80, 83, 87
99, 97, 91, 78
13, 63
99, 93
99, 92
99, 91
2, 83, 86
retired
58,51, 52
13; 1
36, 2, 80, 82
99, 87
52, 96
10, 90, 92
52, 99
76, 95, 96
52, 98
3, 12, 22, 24
99, 81
43, 33, 25
83, 51
52, 51, 53
53, 72, 94
62, 76, 64
83, 53
69, 59
25, 14
31, 35, 25, 23, 21, 19
34, 42, 7
35, 23, 37
18, 35, 11
31, 13, 26
88 (Michigan, Pittsburgh
57, 51, 50, 59, 47, 58, 56
25, 20
69, 67
25, 22
25, 21
69, 64
25, 24
46, 85, 82, 80, 89
25, 23
69, 63
70, 30, 33
25, 26
69, 66
70, 30, 31
25, 28
69, 60
25, 27
69, 62
69, 61
25, 29
77, 73, 76
57, 47, 59, 52
77, 73, 75
34, 3, 2, 9
3, 4, 9
66, 70, 67
4, 12, 16, 12
3, 4, 5
83, 88, 82
20, 14, 24
52, 55, 91
23, 0, 34, 30
41, 22, 20
86, 70, 72, 63
79, 64, 61, 62
9, 15, 4
85, 5, 88
92, 93, 99
62, 20, 17
30, 23, 28
99, 75, 55
60, 65, 61
21, 31, 25
60, 52, 57
23, 30, 22
8 (national team)
75, 78, 77
5, 6, 10, 43
49, 42, 32
41, 38, 44
4, 24, 44
5, 6, 67
2 (1923 Buffalo)
6, 7, 11, 8
71, 72, 75, 78
11,23
25, 52
57, 56, 91, 95
50, 70, 65
69, 95
61, 62, 74, 77
52, 25
24, 21, 30
44, 37, 45, 46
60, 78, 66, 67
10, 17, 14, 6
26 (1923)
95, 68, 99
52, 30
16, 5, 10, 18
85, 86, 88
26, 28, 32, 27
23, 30, 45
60, 65, 33
52, 35
52, 34
17, 18, 86
14, 15, 50, 4
2, 7, 32, 34
44, 35, 33, 27, 18
25, 31
25, 30
4, 2, 3
25, 33
25, 32
67, 64, 52
25, 35
69, 75
42; 72
25, 34
25, 37
25, 36
69, 71
25, 39
24, 37, 47
42, 43, 29
24, 37, 28, 27, 34
70, 61, 72
6, 9, 10, 30, 12
26, 48, 24
26, 24, 38, 31
24, 21, 17
ustaritz
37, 35, 30
5, 6, 14
11,10
25, 40
5, 10, 12, 14
25, 42
25, 41
83, 88, 10
64, 75, 72
50, 13, 20
84, 4
25, 45
85, 16, 86
25, 48
25, 47
96, 95, 99, 93
69, 76, 79
83, 97 (Michigan), 59 (USFL)
24, 21, 20
77, 73, 56
95, 16
32, 34, 33
Maritzburg United F.C.
25, 73, 33, 37, 34
32, 34, 37
24, 21, 25
86, 17
59, 54, 55
27, 14, 25
18, 10, 14
86, 15
86, 16
10, 12, 11, 18
65, 74, 76
76, 73, 66
86, 10
10, 14, 1
12, 10, 41
33, 30, 42, 32
33, 34, 45
21, 31, 99
17, 86
17, 89
86, 28
74, 78, 79
82, 85, 86
28, 35, 38
82, 85, 88
93, 92, 95
90, 68, 96
1, 3, 11
74, 78, 75
17, 81
86, 89, 45
17, 80
17, 83
17, 82
86, 21
86, 22
53, 45, 50
17, 84
65, 74, 70
43, 20, 45
43, 20, 44
36, 26, 25
Unassigned
32 (Michigan), 33 (New York)
55, 32, 17
99, 66, 91, 71, 90, 93
33, 34, 32
90, 91, 75
24, 21, 22, 25
96, 89
25, 27, 23, 30, 14, 12
83, 18, 19
90, 91, 78
88, 87, 84, 83, 46, 89
70, 79, 72, 76
25, 27, 26
38, 30, 35
34, 44, 33, 31
33, 25, 23
27, 40, 83
96, 99
25, 82
96, 98
7, 11, 14, 21
25, 85
34, 8, 51
91, 74, 75, 68
86, 48
73, 72, 77
14, 11, 31, 25, 7
99, 93, 90, 98
86, 43
66, 7, 6, 35, 13
54, 58, 52
96, 91
96, 90
24, 21, 22, 20
96, 93
7  (national team)
96, 92
Nro.16
44, 7, 8, 41
96, 94
2, 22, 15
96, 97
55,12,23,30,14
5, 9, 14
5, 9, 17
16, 6, 3, 2, 5
70, 73, 61
99, 92, 90
2, 50
4 (1922)
28, 26, 23
28, 26, 27
2, 22, 25
80, 86, 43, 87
28, 26, 25
17, 43
13, 28, 19, 11, 15, 70
25, 19, 14
87, 11, 84
34, 85
34, 88
93, 75, 95
57, 91, 98
94, 96, 97
44, 42, 43
44, 42, 45
83, 54, 64, 52
44, 42, 40
16, 15, 13
0, 44, 7
71, 32, 18, 34, 23, 35, 9
42, 28, 26, 27, 24
19, 14, 6, 1
30, 18, 44
71, 77, 79
30, 35, 49
83, 26, 28
88, 84, 89
?, 29, 28, 38
2, 42
54, 58, 96
7, 3, 8
53, 54, 58
82, 14, 88
28, 26, 36
71, 91, 78, 97
26, 42, 29, 41
20, 45, 22
31, 48, 29
81, 46, 89
10, 20, 11
94, 52, 57, 54, 55, 58
34, 54
21, 23, 26
79, 67, 68
30, 27, 29
21, 23, 29
34, 57
36, 27, 21, 23
13, 2
50, 89, 62, 61, 47, 38
34, 48
31, 8, 18, 21
21, 23, 12
34, 41
34, 42
34, 43
34, 45
34, 46
62, 67, 66
92, 93, 47, 24
13, 11
13, 12
24, 21, 1
13, 14
52, 5, 50, 54
13, 15
27, 38, 25, 41
13, 17
29, 23, 20, 43
13, 19
21, 17
34, 36
55, 17, 15
11, 86, 82, 84, 81
34, 38
8, 17, 10
21, 11
34, 30
34, 31
34, 32
40, 21, 24, 29
77, 39
34, 33
21, 12
21, 15
66, 69, 55
34, 35
6, 3
6, 2
6, 5
56, 59, 55, 51
6, 9
6, 8
30, 31, 27
23, 25, 42, 36
13, 26
27, 3, 29
13, 28
32, 30, 25
96, 76, 73, 93
5, 10, 0
34, 25
21, 27
34, 27
5, 10, 3
21, 29
21, 23, 31
21, 20
32, 22, 24
95, 90, 55, 58
5, 10, 9
21, 22
34, 20
21, 24
21, 23
34, 22
34, 23
21, 26
34, 24
21, 25
18, 10, 83
62, 67, 87
24, 24, 13
3, 8, 12
13, 34
13, 35
45, 49, 20, 37
31, 0, 38, 40
85, 83, 84, 11
21, 38
90, 91, 99
70, 65, 64
72, 32, 30
21, 31
21, 30
15, 14, 21, 20, 11
21, 32
21, 35
34, 10
91, 97, 59
43, 55
34, 11
43, 54
21, 37
51 (Michigan), 61 (Patriots)
43, 52
92, 44
57 55 59
15, 14, 33, 7
91, 97, 60
88, 79, 73, 33, 71
12, 24, 1
98, 53, 90
34, 36, 31
99, 66, 95
81,82
21, 42
8, 7, 12
21, 44
21, 43
21, 46
21, 47
23, 7, 30
92, 50
92, 54
51, 59, 54
92, 57
92, 56
44, 24, 42
4, 13, 10, 2
81,87
43, 81, 89
43, 33, 7, 42
29, 27, 20, 24
76, 64, 60, 61
19, 21, 8
92, 69
86, 76
68, 73, 74
53 (TOR), 64, 69 (SASK)
34, 64, 67
86, 73
22, 29, 41
92, 68
22, 35, 38
12, 10, 20
3, 7, 5
36, 26, 40
10, 20, 25
87, 88, 83, 86
43, 89
86, 87
86, 88
86, 89
86, 82
86, 83
86, 84
43, 82
86, 85
84, 13, 88
12, 10, 11
86, 80
55, 24, 22, 43
86, 81
92, 78
33, 34, 38, 35
86, 80, 85, 82
37, 39, 22
92, 71
98, 75, 67
18, 17, 14, 22, 30, 35
90, 73, 91, 99
78, 72, 65
57, 55, 52, 53
Unknown
23, 14, 33, 32
25, 23, 24
92, 82
25, 23, 17
76, 77, 72
43, 29
43, 25
21, 88
43, 24
1 (Michigan), 86 (New England)
43, 72, 71
43, 23
9, 12, 6
87, 37, 89
76, 77, 78
92, 95
16, 4
33, 42, 5
92, 94
92, 97
92, 99
16, 7
92, 98
22, 31, 25
16, 5
64 & 65
53, 50, 54
35, 33, 36
92, 90
3  (national team)
34, 27, 23
92, 93
14, 20, 22, 24
71, 73, 63
96, 99, 93, 68, 97
95, 51, 92, 91
71, 73, 66
43, 37
4, 5, 10
17, 35, 7
43, 35
43, 34
56, 57, 62
4, 5, 14
31, 6, 11
73, 91, 98, 40
62, 45, 52
75, 71, 65
23, 22, 31, 10
71,72,77
25, 32, 41
40, 31, 27, 24
56, 57, 54
45, 50, 57, 59
71, 73, 75
50, 8, 9
58, 99, 55
43, 46
43, 45
77, 79, 76, 67
43, 44
56, 57, 50
43, 42
86, 85, 46
43, 40
60, 74, 79
51, 55, 97
29, 28, 40
42, 25, 23
49, 33, 21
77, 97
77, 95
10, 11, 12
42, 11, 25, 43
75, 71, 78
58, 99, 89
25, 32, 22
84, 83, 85, 51
Toronto-49, Cgy, Edm-30
30, 89
77, 90
21, 27, 34, 33
95, 59, 36
74, 65, 79
30, 90
66, 91, 97
62, 94
10  (national team)
44, 20, 20
63, 55, 66, 68
7, 10, 12, 22, 44
53, 50, 99
77, 81
3, 7, 9, 11, 12, 17
77, 79
16, 6, 13
77, 78
77, 75
37, 26, 39
77, 73
77, 74
59, 58, 54
50, 55, 59, 94
95, 59, 62
59, 58, 50
30, 64
82, 89, 86
55, 62, 66
22, 24, 27,13
77, 71
77, 72
35, 25, 31, 48
12, 8, 4
34, 36, 39, 35
77, 69
77, 67
18, 16, 8, 29
53, 8
77, 65
77, 62
77, 63
2, 5, 15, 23, 34
59, 60, 74
11, 30, 4
62, 78
82, 89, 81
72, 64, 71
72, 79, 60
62, 71
62, 72
73, 91, 98, 71
89, 80, 85, 82
9, 3, 4, 2
62, 76
62, 73
11, 30, 7
65, 67, 72, 73
7, 22, 24
18, 40, 47
19, 11, 81, 15
3, 24, 21
17, 10
17, 12
5  (national team)
6, 32
17, 14
17, 16
17, 15
80, 64, 77
32, 26, 28
30, 40
30, 41
30, 42
2, 10
30, 43
30, 44
8, 26, 30
2, 12
2, 11
30, 46
30, 47
21, 27, 36
2, 14
68, 64, 69
58, 52, 97
68, 64, 63
30, 51
00, 19, 9
30, 53
30, 54
22, 44, 29
15, 24, 42
30, 59
5,8,4
22, 48, 44
33 (Michigan), 45 (Steelers)
25, 49, 52
2, 25
22, 28, 31, 32
36, 22, 89
17, 31
28, 22, 25
6, 54
47, 95
33, 25, 12, 20, 30
97, 57, 58, 59
67, 75, 77, 72
28, 22, 29
6, 50
82, 83, 86, 87
68, 64, 72
30, 20
30, 22
30, 23
30, 26
41, 5
17, 29
30, 29
2, 22, 86
20 (1926)
17, 20
14, 22, 94, 96
81, 82, 85, 89
24, 23, 12, 11, 9
17, 24
89, 88, 85
20, 25, 27, 38
66, 65, 82
81, 85, 89
81, 85, 88
30, 31
30, 32
13, 12, 25
30, 33
30, 34
30, 35
61, 78, 60, 64, 88, 89
45, 84, 85
30, 36
13, 12, 21
98, 90, 97
5 (national team)
83, 80, 17
51, 50, 67, 66
30, 39
56, 53, 58, 57
11, 34, 1, 27, 14, 12
42, 21, 40
98, 90, 92
57 (CGY)
47, 74
63, 53, 50, 59
25, 7, 1
1, 12, 24, 35
14, 33, 32
60, 59, 55
73, 72, 78
15, 24, 11
Coach
27, 31, 22
55, 99, 94, 93
47, 87
17, 8, 2
18, 87, 83
30, 10
43 , 53
43, 42, 25
30, 14
30, 15
30, 16
96, 95, 97
27, 31, 34
20, 33, 2, 6, 54, 27
80, 88, 81, 89
47, 55
58, 52, 48
26, 27, 46
47, 50
89, 88, 30
58, 52, 41
15, 23, 80, 88
2, 7, 10, 17
27, 24, 25, 26
45, 54, 51
28, 9
96, 67, 93
75, 99, 96
86, 85, 91
65, 71, 78, 60
86, 84, 83, 87
51, 55, 56
51, 55, 57
68, 70, 79, 78
39, 38
39, 36
72, 64, 67, 68
19, 80, 89
10, 3
23, 45, 40, 42
10, 4
10, 5
10, 6
10, 7
10, 8
10, 9
48, 84
9, 17, 6
48, 86
6, 13, 21
22, 40, 44, 33
48, 82
39, 29
21,5
39, 26
26, 33, 45
39, 24
12, 15, 11, 4
3, 9
3, 8
27, 38, 42
3, 7
26, 24, 23
12, 25, 26
9-10
35, 28, 32
16, 30, 5, 15
33, 36, 0
3, 6
20, 81, 31, 21, 23
3, 5
3, 4
21, 29, 31
3, 2
3, 1
48, 79
74, 70, 78
12, 16, 19
39, 53
39, 54
42, 26, 25, 20
21, 49, 23, 20, 42
95, 94, 76
28 / TBA
25,43
68, 79, 97, 99
17, 16, 3
25, 84, 89
73, 75, 74, 72
14, 11, 22, 24
57, 51, 54
71, 72, 83, 87
39, 49
74, 70, 67
39, 47
39, 44
22, 6, 44
39, 42
39, 41
48, 31, 40
48, 22, 25
29, 40, 26
21, 45, 55
48, 52
(Scout)
71, 74, 62, 63
48, 54
48, 53
10, 1
10, 2
48, 59
73, 78
73, 77
95, 94, 92
73, 74
73, 76
87, 88, 47
48, 42
73, 75
65, 67, 83, 74
20, 31, 32
73, 72
73, 71
81, 86, 84
41, 10, 27
48, 44
81, 86, 85
48, 47
64, 76, 35
39, 68
57, 92
38/34
87, 78, 75, 76
64, 67, 57
74, 61, 62
73, 67
73, 66
73, 68
80, 49, 87
73, 63
24, 42, 6
73, 65
73, 64
73, 61
32, 3, 20, 11
57, 97
57, 99
48, 39
48, 34
57, 93
81, 32, 40
98, 94, 93
86, 65, 62
27, 38, 34
43, 34, 47
14, 7, 8
6 (national team)
73, 99
14, 7, 5
13 (national team)
14, 7, 4
19 (national team)
28, 21, 29
73, 95
73, 97
48, 20
73, 91
86, 81, 19
15, 18, 82
73, 90
48, 28
7, 3, 70, 50
21, 53, 14, 32
64, 67, 74
39, 87
25, 55, 11, 26
50, 59, 51
45, 54, 53, 52
66, 88
62, 68
89, 85, 80
62, 69
20, 22, 32
62, 66
62, 67
86, 81, 83
64, 22, 16
62, 60
62, 61
62, 64
62, 65
62, 63
37, 30, 33
23, 26, 31
72, 78, 75, 73, 62
66, 75
66, 74
85, 80, 83
66, 77
54, 53, 52
85, 80, 81
62, 58
62, 55
64, 66, 61, 74
34, 21, 15
86, 81, 89
62, 50
26, 19, 11, 15
6, 29, 9
57, 58
62, 54
57, 59
89, 85, 83
62, 52
57, 53
12, 22, 13, 34, 20, 30
57, 54
57, 55
57, 56
66, 72
92, 96, 93
57, 50
66, 71
57, 51
9, 15, 16
57, 52
96, 97, 67
43, 18, 42
33, 3, 4, 5
25, 44, 23, 14,
20, 22, 10
15, 6, 7
15, 6, 9
57, 68
57, 69
57, 64
50, 55, 58, 95
11, 81, 15
57, 62
99, 50, 23
12, 22, 2, 6
9, 18
9, 17
9, 16
9, 15
54, 53, 31
35, 24, 9, 5
69, 71, 99
58, 97, 55, 50
31, 32, 28
34, 21, 30
9, 12
9, 11
9, 10
94, 61, 92, 98, 62
11, 14, 7, 8, 9
41, 45, 8, 7, 9, 40
71, 63, 78
60 (Michigan), 24 (Rams)
15, 18, 6
15, 14, 17
9, 42
44, 66, 60
45, 22, 41
71, 79, 77, 70
34, 9
62, 19
34, 7
34, 8
34, 6
9, 36
45, 44, 11, 4, 43
62, 15
30, 3, 9
10, 30, 5
87, 43, 49
69, 71, 73
89, 19, 81, 1
9, 33
22, 27, 25, 26, 47
24 (PIT), 28 (WAS), 20 (CGY)
51, 52 & 90
61, 63, 60, 57
8, 10, 14, 18
18, 20, 22, 23
20, 26, 29, 30
11, 16, 4
92, 69, 94
22, 7
9  (national team)
22, 6
22, 5
94, 93, 96
34, 2
35, 33, 25
16, 34, 50, 24
28, 89, 82, 84
56, 95, 91
80, 81, 86
50, 51, 53, 58
13, on of only a few remaining players from the beginning of the Armadas franchise. A highly productive defender has mostly been a starter in his NASL career, and has manage to score 2 goals as a defender.
80, 81, 89
80, 81, 88
35, 10
25, 30, 20
57, 34
58, 70, 73
37, 30, 25
14, 22, 10
35, 16
9, 52
60, 62, 70
96, 56, 52
90, 91, 92, 93, 95, 99
12, 30
24, 49, 40
12, 38
56, 50, 55
2, 8, 11, 7
29, 26, 37, 26
40, 4, 12, 6
62, 2
P1618|from=Q16235149
55, 99, 50
80, 85, 51
53, 57, 51
53, 57, 52
53, 57, 50
14, 26 (Oklahoma)
12, 20
12, 23
12, 24
12, 21
12, 22
88, 89, 81
78, 79, 61
12, 25
34, 43, 29
34, 43, 26
22, 23, 32
3,10
73, 76, 71
8, 2, 5
75, 72, 70, 67
22, 53, 9
19, 5, 10, 3
51, 62, 63
12, 13
12, 10
12, 11
12, 16
12, 17
22, 23, 28
12, 14
12, 15
12, 19
67, 65, 50
23,33, 25
Cruzeiro
68, 70, 72
12, 29, 24
87, 29, 84
23, 13, 27
53, 99
66, 17
80, 85, 17
32, 33, 34
87, 89, 85, 81
53, 88, 81
2, 9, 34
20, 44, 40
12, 7, 1
67, 65, 66
53, 94
53, 95
25, 14, 13
77, 73, 75, 76
53, 90
26, 18
89, 54, 58
98, 73
26, 13
82, 42
37, 8
30, 36, 37
82, 45
OV-105
OV-104
88, 47, 87, 80, 93, 84
OV-103
OV-102
OV-101
82, 47
20, 25, 33, 23
82, 49
98, 79
98, 78
20, 53, 57
28, 26, 21, 25
16, 10, 15
2, 22, 9
39, 45, 38
66, 31
26, 28
26, 27
26, 25
26, 24
26, 23
93, 54, 52, 53
26, 22
26, 21
26, 20
8  (national team)
82, 33
95, 98, 99
71, 73, 93, 98
95, 98, 97
55, 45, 50
39,31,35
20, 26, 29
#58 (CFL), #52 (XFL)
98, 68
82, 49, 85, 42
31, 3, 13, 33
98, 66
12, 52
66, 65
25, 0
66, 64
12, 53
66, 63
12, 50
60, 62, 78, 75
98, 51
66, 62
66, 69
66, 68
25, 3
25, 6
66, 67
3, 19, 80
78, 79, 72
20, 26, 32
11, 54, 58
47, 86, 81
98, 57
98, 56
98, 59
98, 58
66, 61
98, 52
66, 60
12, 42
17 (1925), 20 (1926)
12, 44
66, 55
20, 26, 48
85, 87, 18
82, 11
66, 59
32, 34, 33, 23, 24
97, 95, 93
24, 20, 12, 31
90,92
97, 95, 92
25, 7
64, 65, 78, 90
82, 80
82, 81
0, 6
53, 22
91, 96, 17, 75
82, 86
82, 87
82, 88
78, 66, 75
82, 89
10, 30, 11, 2
82, 83
82, 84
44, 4, 2
82, 85
31, 41, 33
24, 20, 42
89, 82, 80, 85, 88
41, 51, 53
82, 78
70, 62, 68
37, 38, 83
33, 24, 44, 37
35, 16, 22, 42
50, 55, 59
50, 55, 52
90, 54, 93
50, 55, 54
98, 93
98, 92
26, 38
98, 94
26, 37
26, 36
89, 81, 80
26, 35
98, 90
26, 33
34, 30, 31
26, 32
26, 31
26, 30
82, 63
15, 5, 16
15, 5, 11
31, 41, 53
18, 79, 74
22, 21, 5, 2, 1, 0
98, 97
15, 8, 20
98, 96
79, 71, 70
98, 99
9, 8, 18, 11
65, 68, 69
71, 95, 79
39, 49, 70
21, 16, 35, 6, 54, 27
12, 83
12, 84
71, 95, 97
25, 36, 22, 31
26, 47
26, 46
70, 90, 93
12, 87
26, 45
17, 87, 89
12, 88
26, 42
53,52
26, 41
19, 84, 11
35, 25, 26, 30
9, 24, 16
59, 52, 53
87, 80, 11
59, 52, 56
75, 55, 68, 71
23, 40, 20, 43
80, 83, 14, 15, 84
96, 72, 98
27, 25, 39
36, 34, 25, 39
56, 91, 93
14, 15, 52, 43
45, 21, 22, 24, 23
54, 22, 31
96, 58, 90, 98
78, 93, 95
93, 97, 67, 99, 91
75, 77, 95
79, 71, 74
88, 89, 45
34, 30, 23
11, 3, 2, 5
15, 18, 10
5, 22, 33, 24
82, 86, 81, 83, 12
93 (Michigan), 56 (Raiders), 98 (Colts)
45, 41, 42, 50
8, 18, 1
81,  85
80, 85, 87
60, 24, 64
40, 41 , 56
2, 9, 10
Spalding United(manager)
38, 40, 44
53, 46
7, 30, 21, 31
77, 74, 73
53, 49
73, 64, 63
38, 40, 47
53, 45
50, 8
25, 28, 24
4, 8, 14, 22
22,13,8
52, 25, 22
54, 22, 53
53, 57
53, 58
82, 90
53, 59
24, 20, 25, 27
53, 54
53, 55
53, 56
47, 44, 24
26, 85
27, 25, 26
26, 83
30, 22, 39
22, 37, 49, 29, 43
90, 67, 75
25, 15, 1
53, 50
53, 51
53, 52
28, 30, 38
62, 63, 67
85, 79, 87, 70
(20) (5)
40, 48
79, 90, 94
44; 42; 11; 8
40, 49
34, 7, 25, 24
40, 44
40, 45
1, 50
40, 46
1, 51
40, 47
36, 34, 33
95, 60
26, 82, 86, 84
3 (Development Squad)
70, 72, 60
77, 78, 68
40, 41
40, 42
40, 43
22, 26, 11
3, 5, 12, 13
40, 33
40, 34
40, 35
38, 22, 44
95, 79
97, 98, 99
95, 77
97, 98, 95
40, 30
58, 99, 93, 90
70, 72, 73
62, 73, 72, 74
31, 10
70, 72, 74
40, 26
21, 14, 8
40, 28
57, 92, 94
12 (CGY)
1, 32
40, 29
40, 22
1, 31
40, 23
40, 24
83, 85, 82, 86, 80, 81
34, 33, 43, 40
35, 81, 9, 85
20, 5, 21, 30, 40
34, 33, 4, 6
36,  41
67, 61, 73
31, 40, 20, 42
7, 10, 12
42, 4, 5
61, 51, 66, 60
40, 21
22, 26, 33
2, 7, 20, 22
12, 7, 21, 2, 20, 10
1, 46
12, 9, 13
47, 50, 56
25, 7, 27, 3
40, 13
52, 54, 74, 80
57, 64, 66, 67, 75
34, 7, 15
29, 28, 44, 42
75, 73, 64, 65
97, 98, 76
88, 85, 84
95, 55
88, 85, 87
80, 89, 86
80, 89, 84
47, 41, 42
16, 64
83,88
31, 30, 3
1, 12
13, 25, 20, 1, 11
1, 10
1, 11
12, 32, 23, 22
2, 88, 89
82, 31, 23, 27, 26, 36
1, 14
16, 12
16, 10
16, 11
96, 47, 99, 59, 50
43, 4
16, 14
16, 15
19, 18, 86 ,87
10, 21, 19
40, 86
7, 5, 11, 12, 6
21, 24, 22, 30
40, 83
71, 76, 68
1, 20
62, 66, 65
4 and ( 6 Italy U–19 )
90, 92, 77
24, 23, 38
31, 8
31, 3
31, 2
31, 4
89, 91
4, 12, 35
33, 24, 25
22, 25
22, 24
22, 23
22, 21
89, 97
22, 20
55,58-NFL, 56-XFL, 35-AFL
16, 39
61, 10, 22, 34
22, 29
16, 30
22, 28
22, 27
22, 26
5, 4, 7
95, 90
95, 94
42, 46, 41
95, 93
16, 18
16, 19
8, 14, 17
95, 98
95, 97
95, 96
54, 57, 58
16, 23
22, 14
16, 24
12, 40, 35, 7, 11
95, 99
22, 11
91, 96, 90
16, 28
40, 51
66, 84, 72, 79
91, 96, 98
16, 20
22, 16
22, 15
50, 51
28, 29, 35
85, 50
50, 52
14, 23, 20, 14, 20, 10, 24
50, 55
50, 54
44, 43, 40
84, 86, 87, 90
7 (1924) 1 (1925) 30 (1926) 18 (1927) 7 (1928)
13, 14, 3
47, 35, 36
22, 45
22, 44
22, 43
22, 42
70, 66, 75
22, 40
70, 66, 73
50, 57
50, 56
50, 59
10, 12, 13
3, 9, 1
50, 58
24, 27, 33, 11
22, 49
22, 48
85, 64
50, 42
44, 15, 22
50, 43
64, 63, 75
61, 62, 69
13, 32, 20
57, 58, 98
10, 12, 4, 14
22, 41, 30
22, 35
22, 34
20, 8, 15
22, 33
22, 32
7, 10, 83
22, 38
85, 74
50, 70
85, 75
85, 73
85, 70
15, 10, 32, 6
95, 90, 98
5, 6, 10, 17, 18
36, 40, 46
9, 4, 7
81, 83, 86, 88
96, 79, 98
36, 25, 45
50, 79
85, 78
26, 20, 39, 35
1'''
50, 60
85, 86
85, 83
85, 84
85, 81
50, 64
85, 82
85, 80
--#14
47, 83, 88, 80
72/62
14, 22, 23, 7, 17, 12, 3
45, 44, 38
72, 92, 95, 96, 97
22, 52
75, 97, 99, 93
37, 61, 62, 68
50, 67
92, 90, 73, 95
15, 13, 17, 14
85, 89
14, 17, 14
85, 87
85, 88
82, 86, 17
50, 95
24, 34, 10, 26
50, 96
50, 98
22, 83
44, 30, 23
50, 52, 56
1 (national team)
22, 86
71, 91, 92
50, 52, 62
85, 17
85, 15
59, 55, 50
20, 44, 14
97/7
85, 13
21, 23, 15, 4, 11
27, 40, 31, 26
17 (national team)
24, 33, 41
1, 11, 21, 33
76, 70, 68
33, 87, 82
57, 58, 59
34, 28, 22
57, 58, 55
16, 87
57, 58, 50
21, 22, 20
30, 26, 31
49, 23, 22
85, 27
84, 83, 85
98, 97, 94, 53
21, 22, 23
16, 86
16, 83
32, 23, 38
66, 61, 51, 53
42, 56, 88
32, 23, 33
32, 23, 31
1, 44, 11, 45
10, 7, 5
24, 23, 7
61, 71, 67, 58
9, 11, 5
6, 54, 32
22, 41, 24
71, 85, 88
1, 81
85, 39
2, 8, 9
21, 22, 38
3, 7, 13
13, 14, 15, 19, 20
14, 51, 52
100
77, 78, 76
101
85, 49
85, 47
83, 70, 88
44, 21, 20
21, 41, 23
23/27
11,
59, 56, 49, 55
8, 6
110
8, 4
35, 20
8, 5
35, 21
76, 99
58, 80, 70, 79
76, 97
8, 9
68, 78, 79
10,15
16, 18, 17
35, 28
35, 29
8, 2
69, 52, 54
8, 3
35, 27
81, 80, 12, 17
8, 0
91, 54
29, 31, 36, 34
44, 50
67, 58 & 73
91, 51
91, 56
10,23
30, 45, 26
36, 38, 39
76, 80
4, 5, 9
10 (club)
3 (Michigan), 32 (Vikings)
35, 33
35, 34
9 -150px
76, 89
35, 32
35, 30
5, 55
14, 33, 40, 44
91, 59
35, 37
88, 81, 49
Head Coach
35, 36
55, 76, 51
70, 76, 68, 65
44, 83
42, 33, 17
6, 10, 12, 42
91, 69
91, 66
76, 73
76, 72
76, 71
24, 42, 31
35, 44
51, 71, 73
76, 79
35, 42
76, 78
76, 77
35, 40
35, 41
76, 75
76, 74
65, 77, 61
44, 87
35, 46
91, 75
84, 83, 17
91, 73
5 (Development Squad)
25, 33, 89
manager
76, 62
71, 63, 65, 66
74 (CGY)
39, 22, 32
76, 69
35, 53
76, 68
35, 54
76, 67
146
76, 66
76, 65
35, 52
8, 51, 12
30, 31,42
76, 64
76, 63
5, 32
5, 30
91, 84, 50, 55, 56, 99, 71
34, 21, 41, 33
66, 92, 69
151
5, 28
22, 9, 30, 8
155
35, 62
5, 24
number 2
44, 27
44, 29
44, 28
44, 23
44, 22
44, 25
44, 24
20, 22, 14, 21, 5
12, 11, 16, 18
35, 69
44, 20
91, 97
91, 95
99, 95, 72
161
91, 93
5, 19
91, 92
5, 18
42, 25, 33, 22, 24, 51
5, 16
91, 92, 95
5, 15
5, 14
5, 13
5, 12
86, 41, 43, 83
44, 15
5, 11
22 (1923)
5, 10
76, 78, 70
44, 12
44, 11
44, 14
68, 37, 53
47, 20, 27, 26
75, 96, 90
33, 2, 31, 23
21, 41, 47
42, 20, 34
4, 6, 16
96, 79, 53
44, 49
44, 48
11, 31, 23
40, 23, 46
44, 45
21, 39, 38
44, 47
44, 46
44, 41
44, 43
81, 82, 83
44, 42
75, 70, 68
94, 52, 66
3, 81, 88
54 / 33
66, 68, 70
71, 72, 77
44, 39
44, 34
60, 75, 76
44, 36
44, 35
65, 60, 52
44, 30
71, 72, 70
44, 32
42, 24, 32
51, 56, 58
37; 63
32, 26, 27, 22
89, 77
57, 77, 78
5, 22, 45
15 (national team)
58, 51, 56
44, 7, 22
31, 88
54, 44, 33
89, 82
28, 25, 26
89, 81
27, 19, 11
89, 80
8, 10, 17
71 78, 70
89, 88
89, 87
89, 86
89, 85
89, 84
22, 29, 39, 38, 27
89, 83
65, 60, 71
51, 50, 55, 99
10, 23, 35, 21
31, 61
55, 50, 52
40, 7, 8
10, 21, 14, 24, 13
48, 41, 21
32, 42, 40
18, 15, 10
45, 25, 44
28, 25, 31
7, 3, 5, 3, 14
31, 62, 66 00
8, 14, 52
22, 45, 33
27, 26, 36, 25
12, 22, 11
17, 15, 21, 16, 33
16, 34, 13, 24, 29, 10
10; 13; 51
18, 8
4  (national team)
18, 4
44, 21, 20, 30
43, 28, 27
76, 82, 86, 66, 83
16, 7, 17
18, 2
31, 41
27, 37, 24, 34
35, 30, 31
21, 26, 36
65, 73, 77
32, 27, 34
14, 18, 21, 22, 4
34, 24, 25
11 (1923), 16 (1924), 9 (1926)
97, 57, 51, 53, 45
20; 22
21 ('22), 4 ('23), 8 ('24),
5, 50, 11
3, 5, 8, 33
31, 48
83, 51, 41
86, 84, 87
31, 45
31, 42
67, 70, 73
21, 26, 46
12, 22, 34
86, 84, 83
95, 90, 62, 91, 97, 99
24, 14, 13
28, 38, 24
20, 35, 41
24, 42, 20
50, 20, 32
65, 71, 62, 64
10, 6, 12, 25
74, 79, 92, 93
 2,  3, 7,  8
88, 81, 89
84, 18, 81
89, 49
89, 48
5, 1, 4
40 and 30
25, 20, 35
5, 1, 9
35, 30, 50
9, 3, 12
30, 21, 37, 26
4, 12, 16, 15, 11
25, 20, 30
48, 86, 65
56, 99, 55
5, 89
23 Kansas City, 1 Cleveland
31, 29
31, 26
31, 27
89, 19
31, 24
31, 25
89, 17
31, 23
5, 81
76, 75, 73, 70
31, 20
31, 21
65, 73, 61
97, 69, 94, 93
31, 30
11  (national team)
65, 74, 67, 71
9, 10, 12, 17
15, 27, 86
84,88,19
48, 95
48, 91
88, 82, 47, 57
48, 94
31, 37
31, 38
31, 35
31, 36
31, 33
31, 32